,code,name,c_name
0,600051,宁波联合,综合行业
1,600209,罗顿发展,综合行业
2,600212,江泉实业,综合行业
3,600256,广汇能源,综合行业
4,600576,祥源文化,综合行业
5,600603,广汇物流,综合行业
6,600614,鹏起科技,综合行业
7,600620,天宸股份,综合行业
8,600622,光大嘉宝,综合行业
9,600624,复旦复华,综合行业
10,600647,同达创业,综合行业
11,600656,退市博元,综合行业
12,600687,刚泰控股,综合行业
13,600701,工大高新,综合行业
14,600730,中国高科,综合行业
15,600770,综艺股份,综合行业
16,600777,新潮能源,综合行业
17,600800,天津磁卡,综合行业
18,600805,悦达投资,综合行业
19,600811,东方集团,综合行业
20,600832,东方明珠,综合行业
21,600846,同济科技,综合行业
22,600892,大晟文化,综合行业
23,8,神州高铁,综合行业
24,301,东方市场,综合行业
25,576,广东甘化,综合行业
26,632,三木集团,综合行业
27,633,合金投资,综合行业
28,652,泰达股份,综合行业
29,701,厦门信达,综合行业
30,839,中信国安,综合行业
31,881,中广核技,综合行业
32,909,数源科技,综合行业
33,600003,ST东北高,公路桥梁
34,600012,皖通高速,公路桥梁
35,600020,中原高速,公路桥梁
36,600033,福建高速,公路桥梁
37,600035,楚天高速,公路桥梁
38,600106,重庆路桥,公路桥梁
39,600269,赣粤高速,公路桥梁
40,600350,山东高速,公路桥梁
41,600368,五洲交通,公路桥梁
42,600377,宁沪高速,公路桥梁
43,600548,深高速,公路桥梁
44,601107,四川成渝,公路桥梁
45,601188,龙江交通,公路桥梁
46,601518,吉林高速,公路桥梁
47,429,粤高速Ａ,公路桥梁
48,548,湖南投资,公路桥梁
49,828,东莞控股,公路桥梁
50,886,海南高速,公路桥梁
51,900,现代投资,公路桥梁
52,916,华北高速,公路桥梁
53,600061,国投资本,化纤行业
54,600063,皖维高新,化纤行业
55,600527,江南高纤,化纤行业
56,600810,神马股份,化纤行业
57,600889,南京化纤,化纤行业
58,601113,华鼎股份,化纤行业
59,601233,桐昆股份,化纤行业
60,420,吉林化纤,化纤行业
61,584,哈工智能,化纤行业
62,615,京汉股份,化纤行业
63,677,恒天海龙,化纤行业
64,687,华讯方舟,化纤行业
65,703,恒逸石化,化纤行业
66,782,美达股份,化纤行业
67,936,华西股份,化纤行业
68,949,新乡化纤,化纤行业
69,976,华铁股份,化纤行业
70,2015,霞客环保,化纤行业
71,2064,华峰氨纶,化纤行业
72,2080,中材科技,化纤行业
73,2172,澳洋科技,化纤行业
74,2206,海 利 得,化纤行业
75,2254,泰和新材,化纤行业
76,2427,ST尤夫,化纤行业
77,2493,荣盛石化,化纤行业
78,300180,华峰超纤,化纤行业
79,600031,三一重工,机械行业
80,600114,东睦股份,机械行业
81,600149,*ST坊展,机械行业
82,600169,太原重工,机械行业
83,600218,全柴动力,机械行业
84,600243,青海华鼎,机械行业
85,600262,北方股份,机械行业
86,600320,振华重工,机械行业
87,600346,恒力股份,机械行业
88,600388,龙净环保,机械行业
89,600421,ST仰帆,机械行业
90,600435,北方导航,机械行业
91,600475,华光股份,机械行业
92,600499,科达洁能,机械行业
93,600520,文一科技,机械行业
94,600526,菲达环保,机械行业
95,600579,天华院,机械行业
96,600582,天地科技,机械行业
97,600592,龙溪股份,机械行业
98,600619,海立股份,机械行业
99,600710,苏美达,机械行业
100,600761,安徽合力,机械行业
101,600765,中航重机,机械行业
102,600806,*ST昆机,机械行业
103,600815,*ST厦工,机械行业
104,600841,上柴股份,机械行业
105,600855,航天长峰,机械行业
106,600860,京城股份,机械行业
107,600984,建设机械,机械行业
108,601002,晋亿实业,机械行业
109,601038,一拖股份,机械行业
110,601100,恒立液压,机械行业
111,601106,*ST一重,机械行业
112,601177,杭齿前进,机械行业
113,601218,吉鑫科技,机械行业
114,601226,华电重工,机械行业
115,601268,*ST二重,机械行业
116,601369,陕鼓动力,机械行业
117,601608,中信重工,机械行业
118,601717,郑煤机,机械行业
119,601798,蓝科高新,机械行业
120,603011,合锻智能,机械行业
121,603012,创力集团,机械行业
122,603088,宁波精达,机械行业
123,603169,兰石重装,机械行业
124,603308,应流股份,机械行业
125,603315,福鞍股份,机械行业
126,603318,派思股份,机械行业
127,603338,浙江鼎力,机械行业
128,603355,莱克电气,机械行业
129,603698,航天工程,机械行业
130,603699,纽威股份,机械行业
131,603789,星光农机,机械行业
132,39,中集集团,机械行业
133,157,中联重科,机械行业
134,404,华意压缩,机械行业
135,410,沈阳机床,机械行业
136,425,徐工机械,机械行业
137,519,中兵红箭,机械行业
138,528,柳 工,机械行业
139,530,大冷股份,机械行业
140,551,创元科技,机械行业
141,570,苏常柴Ａ,机械行业
142,595,*ST宝实,机械行业
143,617,中油资本,机械行业
144,678,襄阳轴承,机械行业
145,680,山推股份,机械行业
146,777,中核科技,机械行业
147,811,冰轮环境,机械行业
148,816,智慧农业,机械行业
149,821,京山轻机,机械行业
150,837,秦川机床,机械行业
151,852,石化机械,机械行业
152,856,冀东装备,机械行业
153,880,潍柴重机,机械行业
154,903,云内动力,机械行业
155,923,河北宣工,机械行业
156,925,众合科技,机械行业
157,2006,精功科技,机械行业
158,2009,天奇股份,机械行业
159,2011,盾安环境,机械行业
160,2026,山东威达,机械行业
161,2046,轴研科技,机械行业
162,2050,三花智控,机械行业
163,2097,山河智能,机械行业
164,2101,广东鸿图,机械行业
165,2122,天马股份,机械行业
166,2131,利欧股份,机械行业
167,2147,新光圆成,机械行业
168,2150,通润装备,机械行业
169,2158,汉钟精机,机械行业
170,2204,大连重工,机械行业
171,2209,达 意 隆,机械行业
172,2248,华东数控,机械行业
173,2255,海陆重工,机械行业
174,2270,华明装备,机械行业
175,2272,川润股份,机械行业
176,2278,神开股份,机械行业
177,2282,博深工具,机械行业
178,2328,新朋股份,机械行业
179,600062,华润双鹤,生物制药
180,600079,人福医药,生物制药
181,600080,金花股份,生物制药
182,600085,同仁堂,生物制药
183,600129,太极集团,生物制药
184,600161,天坛生物,生物制药
185,600196,复星医药,生物制药
186,600200,江苏吴中,生物制药
187,600201,生物股份,生物制药
188,600211,西藏药业,生物制药
189,600216,浙江医药,生物制药
190,600222,太龙药业,生物制药
191,600252,中恒集团,生物制药
192,600253,天方药业,生物制药
193,600267,海正药业,生物制药
194,600276,恒瑞医药,生物制药
195,600285,羚锐制药,生物制药
196,600329,中新药业,生物制药
197,600332,白云山,生物制药
198,600351,亚宝药业,生物制药
199,600380,健康元,生物制药
200,600420,现代制药,生物制药
201,600422,昆药集团,生物制药
202,600436,片仔癀,生物制药
203,600466,蓝光发展,生物制药
204,600479,千金药业,生物制药
205,600488,天药股份,生物制药
206,600513,联环药业,生物制药
207,600518,康美药业,生物制药
208,600521,华海药业,生物制药
209,600530,交大昂立,生物制药
210,600535,天士力,生物制药
211,600557,康缘药业,生物制药
212,600566,济川药业,生物制药
213,600572,康恩贝,生物制药
214,600594,益佰制药,生物制药
215,600613,神奇制药,生物制药
216,600645,中源协和,生物制药
217,600664,哈药股份,生物制药
218,600666,奥瑞德,生物制药
219,600671,天目药业,生物制药
220,600750,江中药业,生物制药
221,600771,广誉远,生物制药
222,600781,辅仁药业,生物制药
223,600789,鲁抗医药,生物制药
224,600812,华北制药,生物制药
225,600829,人民同泰,生物制药
226,600867,通化东宝,生物制药
227,600976,健民集团,生物制药
228,600993,马应龙,生物制药
229,603168,莎普爱思,生物制药
230,603222,济民制药,生物制药
231,603456,九洲药业,生物制药
232,603567,珍宝岛,生物制药
233,603998,方盛制药,生物制药
234,4,国农科技,生物制药
235,78,海王生物,生物制药
236,153,丰原药业,生物制药
237,403,ST生化,生物制药
238,423,东阿阿胶,生物制药
239,513,丽珠集团,生物制药
240,518,四环生物,生物制药
241,522,白云山A,生物制药
242,538,云南白药,生物制药
243,566,海南海药,生物制药
244,590,启迪古汉,生物制药
245,597,东北制药,生物制药
246,606,神州易桥,生物制药
247,623,吉林敖东,生物制药
248,650,仁和药业,生物制药
249,661,长春高新,生物制药
250,739,普洛药业,生物制药
251,756,新华制药,生物制药
252,766,通化金马,生物制药
253,788,北大医药,生物制药
254,790,泰合健康,生物制药
255,908,景峰医药,生物制药
256,915,山大华特,生物制药
257,919,金陵药业,生物制药
258,952,广济药业,生物制药
259,963,华东医药,生物制药
260,989,九 芝 堂,生物制药
261,999,华润三九,生物制药
262,2001,新 和 成,生物制药
263,2007,华兰生物,生物制药
264,2019,亿帆医药,生物制药
265,2020,京新药业,生物制药
266,2022,科华生物,生物制药
267,2030,达安基因,生物制药
268,2038,双鹭药业,生物制药
269,2099,海翔药业,生物制药
270,2107,沃华医药,生物制药
271,2118,紫鑫药业,生物制药
272,2166,莱茵生物,生物制药
273,2198,嘉应制药,生物制药
274,2219,恒康医疗,生物制药
275,2252,上海莱士,生物制药
276,2262,恩华药业,生物制药
277,2275,桂林三金,生物制药
278,2287,奇正藏药,生物制药
279,600002,齐鲁石化,石油行业
280,600028,中国石化,石油行业
281,600387,海越股份,石油行业
282,600583,海油工程,石油行业
283,600688,上海石化,石油行业
284,600759,洲际油气,石油行业
285,600871,*ST油服,石油行业
286,601808,中海油服,石油行业
287,601857,中国石油,石油行业
288,603003,龙宇燃油,石油行业
289,59,华锦股份,石油行业
290,96,广聚能源,石油行业
291,159,国际实业,石油行业
292,554,泰山石油,石油行业
293,637,茂化实华,石油行业
294,819,岳阳兴长,石油行业
295,2207,*ST准油,石油行业
296,2221,东华能源,石油行业
297,2554,惠博普,石油行业
298,2629,仁智股份,石油行业
299,300084,海默科技,石油行业
300,300157,恒泰艾普,石油行业
301,300164,通源石油,石油行业
302,300191,潜能恒信,石油行业
303,600176,中国巨石,玻璃行业
304,600184,光电股份,玻璃行业
305,600293,三峡新材,玻璃行业
306,600529,山东药玻,玻璃行业
307,600552,凯盛科技,玻璃行业
308,600586,金晶科技,玻璃行业
309,600629,华建集团,玻璃行业
310,600819,耀皮玻璃,玻璃行业
311,600876,洛阳玻璃,玻璃行业
312,601636,旗滨集团,玻璃行业
313,603021,山东华鹏,玻璃行业
314,603601,再升科技,玻璃行业
315,12,南 玻Ａ,玻璃行业
316,2571,德力股份,玻璃行业
317,2623,亚玛顿,玻璃行业
318,300093,金刚玻璃,玻璃行业
319,300160,秀强股份,玻璃行业
320,300196,长海股份,玻璃行业
321,300395,菲利华,玻璃行业
322,600366,宁波韵升,仪器仪表
323,600651,飞乐音响,仪器仪表
324,600848,上海临港,仪器仪表
325,601222,林洋能源,仪器仪表
326,601567,三星医疗,仪器仪表
327,603100,川仪股份,仪器仪表
328,676,智度股份,仪器仪表
329,980,众泰汽车,仪器仪表
330,988,华工科技,仪器仪表
331,2008,大族激光,仪器仪表
332,2058,威 尔 泰,仪器仪表
333,2121,科陆电子,仪器仪表
334,2175,东方网络,仪器仪表
335,2197,证通电子,仪器仪表
336,2214,大立科技,仪器仪表
337,2236,大华股份,仪器仪表
338,2338,奥普光电,仪器仪表
339,2356,赫美集团,仪器仪表
340,2414,高德红外,仪器仪表
341,2415,海康威视,仪器仪表
342,2518,科士达,仪器仪表
343,2527,新时达,仪器仪表
344,2658,雪迪龙,仪器仪表
345,300007,汉威科技,仪器仪表
346,300012,华测检测,仪器仪表
347,300066,三川智慧,仪器仪表
348,300097,智云股份,仪器仪表
349,300099,精准信息,仪器仪表
350,300105,龙源技术,仪器仪表
351,300112,万讯自控,仪器仪表
352,300124,汇川技术,仪器仪表
353,300137,先河环保,仪器仪表
354,300165,天瑞仪器,仪器仪表
355,300203,聚光科技,仪器仪表
356,300259,新天科技,仪器仪表
357,300286,安科瑞,仪器仪表
358,300306,远方信息,仪器仪表
359,300338,开元股份,仪器仪表
360,300349,金卡智能,仪器仪表
361,300354,东华测试,仪器仪表
362,300360,炬华科技,仪器仪表
363,300370,安控科技,仪器仪表
364,300371,汇中股份,仪器仪表
365,300410,正业科技,仪器仪表
366,300416,苏试试验,仪器仪表
367,300417,南华仪器,仪器仪表
368,300430,诚益通,仪器仪表
369,300445,康斯特,仪器仪表
370,600004,白云机场,交通运输
371,600009,上海机场,交通运输
372,600017,日照港,交通运输
373,600018,上港集团,交通运输
374,600026,中远海能,交通运输
375,600029,南方航空,交通运输
376,600057,象屿股份,交通运输
377,600087,退市长油,交通运输
378,600115,东方航空,交通运输
379,600119,长江投资,交通运输
380,600125,铁龙物流,交通运输
381,600180,瑞茂通,交通运输
382,600190,锦州港,交通运输
383,600221,海航控股,交通运输
384,600242,中昌数据,交通运输
385,600270,外运发展,交通运输
386,600279,重庆港九,交通运输
387,600317,营口港,交通运输
388,600386,北巴传媒,交通运输
389,600428,中远海特,交通运输
390,600495,晋西车轴,交通运输
391,600561,江西长运,交通运输
392,600575,皖江物流,交通运输
393,600611,大众交通,交通运输
394,600650,锦江投资,交通运输
395,600662,强生控股,交通运输
396,600692,亚通股份,交通运输
397,600708,光明地产,交通运输
398,600717,天津港,交通运输
399,600751,天海投资,交通运输
400,600787,中储股份,交通运输
401,600794,保税科技,交通运输
402,600798,宁波海运,交通运输
403,600834,申通地铁,交通运输
404,600835,上海机电,交通运输
405,600894,广日股份,交通运输
406,600896,览海投资,交通运输
407,600897,厦门空港,交通运输
408,600967,内蒙一机,交通运输
409,601000,唐山港,交通运输
410,601006,大秦铁路,交通运输
411,601008,连云港,交通运输
412,601018,宁波港,交通运输
413,601021,春秋航空,交通运输
414,601111,中国国航,交通运输
415,601299,中国北车,交通运输
416,601313,江南嘉捷,交通运输
417,601333,广深铁路,交通运输
418,601766,中国中车,交通运输
419,601866,中远海发,交通运输
420,601872,招商轮船,交通运输
421,601880,大连港,交通运输
422,601919,中远海控,交通运输
423,603111,康尼机电,交通运输
424,603128,华贸物流,交通运输
425,603167,渤海轮渡,交通运输
426,603611,诺力股份,交通运输
427,22,深赤湾Ａ,交通运输
428,88,盐 田 港,交通运输
429,89,深圳机场,交通运输
430,99,中信海直,交通运输
431,421,南京公用,交通运输
432,507,珠海港,交通运输
433,520,长航凤凰,交通运输
434,582,北部湾港,交通运输
435,594,国恒退,交通运输
436,905,厦门港务,交通运输
437,920,南方汇通,交通运输
438,996,中国中期,交通运输
439,2040,南 京 港,交通运输
440,2183,怡 亚 通,交通运输
441,2210,飞马国际,交通运输
442,2245,澳洋顺昌,交通运输
443,2320,海峡股份,交通运输
444,2357,富临运业,交通运输
445,2367,康力电梯,交通运输
446,2448,中原内配,交通运输
447,2492,恒基达鑫,交通运输
448,2592,八菱科技,交通运输
449,2627,宜昌交运,交通运输
450,2682,龙洲股份,交通运输
451,2689,远大智能,交通运输
452,2711,欧浦智网,交通运输
453,300011,鼎汉技术,交通运输
454,300013,新宁物流,交通运输
455,300240,飞力达,交通运输
456,300350,华鹏飞,交通运输
457,600038,中直股份,飞机制造
458,600118,中国卫星,飞机制造
459,600316,洪都航空,飞机制造
460,600343,航天动力,飞机制造
461,600372,中航电子,飞机制造
462,600391,航发科技,飞机制造
463,600879,航天电子,飞机制造
464,600893,航发动力,飞机制造
465,738,航发控制,飞机制造
466,768,中航飞机,飞机制造
467,901,航天科技,飞机制造
468,2023,海特高新,飞机制造
469,2111,威海广泰,飞机制造
470,300424,航新科技,飞机制造
471,600097,开创国际,农林牧渔
472,600108,亚盛集团,农林牧渔
473,600127,金健米业,农林牧渔
474,600189,吉林森工,农林牧渔
475,600195,中牧股份,农林牧渔
476,600251,冠农股份,农林牧渔
477,600257,大湖股份,农林牧渔
478,600265,ST景谷,农林牧渔
479,600275,*ST昌鱼,农林牧渔
480,600313,农发种业,农林牧渔
481,600354,敦煌种业,农林牧渔
482,600359,新农开发,农林牧渔
483,600371,万向德农,农林牧渔
484,600438,通威股份,农林牧渔
485,600467,好当家,农林牧渔
486,600506,香梨股份,农林牧渔
487,600540,新赛股份,农林牧渔
488,600598,北大荒,农林牧渔
489,600965,福成股份,农林牧渔
490,600975,新五丰,农林牧渔
491,601996,丰林集团,农林牧渔
492,603609,禾丰牧业,农林牧渔
493,48,康达尔,农林牧渔
494,61,农 产 品,农林牧渔
495,592,平潭发展,农林牧渔
496,663,永安林业,农林牧渔
497,702,正虹科技,农林牧渔
498,713,丰乐种业,农林牧渔
499,735,罗 牛 山,农林牧渔
500,798,中水渔业,农林牧渔
501,876,新 希 望,农林牧渔
502,998,隆平高科,农林牧渔
503,2041,登海种业,农林牧渔
504,2069,獐子岛,农林牧渔
505,2086,东方海洋,农林牧渔
506,2100,天康生物,农林牧渔
507,2124,天邦股份,农林牧渔
508,2157,正邦科技,农林牧渔
509,2173,创新医疗,农林牧渔
510,2234,民和股份,农林牧渔
511,2299,圣农发展,农林牧渔
512,2311,海大集团,农林牧渔
513,2321,华英农业,农林牧渔
514,2385,大北农,农林牧渔
515,2447,晨鑫科技,农林牧渔
516,2458,益生股份,农林牧渔
517,2477,雏鹰农牧,农林牧渔
518,2505,大康农业,农林牧渔
519,2548,金新农,农林牧渔
520,2567,唐人神,农林牧渔
521,2679,福建金森,农林牧渔
522,2696,百洋股份,农林牧渔
523,2714,牧原股份,农林牧渔
524,2746,仙坛股份,农林牧渔
525,300021,大禹节水,农林牧渔
526,300087,荃银高科,农林牧渔
527,300094,国联水产,农林牧渔
528,300106,西部牧业,农林牧渔
529,300143,星普医科,农林牧渔
530,300186,大华农,农林牧渔
531,300189,神农基因,农林牧渔
532,300268,佳沃股份,农林牧渔
533,300313,天山生物,农林牧渔
534,300381,溢多利,农林牧渔
535,600039,四川路桥,建筑建材
536,600068,葛洲坝,建筑建材
537,600170,上海建工,建筑建材
538,600248,延长化建,建筑建材
539,600263,路桥建设,建筑建材
540,600284,浦东建设,建筑建材
541,600321,*ST正源,建筑建材
542,600326,西藏天路,建筑建材
543,600491,龙元建设,建筑建材
544,600502,安徽水利,建筑建材
545,600512,腾达建设,建筑建材
546,600528,中铁工业,建筑建材
547,600545,卓郎智能,建筑建材
548,600634,富控互动,建筑建材
549,600681,百川能源,建筑建材
550,600820,隧道股份,建筑建材
551,600853,龙建股份,建筑建材
552,600970,中材国际,建筑建材
553,600986,科达股份,建筑建材
554,601117,中国化学,建筑建材
555,601186,中国铁建,建筑建材
556,601390,中国中铁,建筑建材
557,601618,中国中冶,建筑建材
558,601668,中国建筑,建筑建材
559,601669,中国电建,建筑建材
560,601789,宁波建工,建筑建材
561,601800,中国交建,建筑建材
562,601886,江河集团,建筑建材
563,603017,中衡设计,建筑建材
564,603018,中设集团,建筑建材
565,603030,全筑股份,建筑建材
566,603828,柯利达,建筑建材
567,603969,银龙股份,建筑建材
568,10,美丽生态,建筑建材
569,23,深天地Ａ,建筑建材
570,55,方大集团,建筑建材
571,65,北方国际,建筑建材
572,90,天健集团,建筑建材
573,498,山东路桥,建筑建材
574,509,华塑控股,建筑建材
575,619,海螺型材,建筑建材
576,786,北新建材,建筑建材
577,928,中钢国际,建筑建材
578,961,中南建设,建筑建材
579,2043,兔 宝 宝,建筑建材
580,2047,宝鹰股份,建筑建材
581,2051,中工国际,建筑建材
582,2060,粤 水 电,建筑建材
583,2062,宏润建设,建筑建材
584,2066,瑞泰科技,建筑建材
585,2081,金 螳 螂,建筑建材
586,2116,中国海诚,建筑建材
587,2135,东南网架,建筑建材
588,2140,东华科技,建筑建材
589,2163,中航三鑫,建筑建材
590,2178,延华智能,建筑建材
591,2205,国统股份,建筑建材
592,2225,濮耐股份,建筑建材
593,2247,帝龙文化,建筑建材
594,2271,东方雨虹,建筑建材
595,2307,北新路桥,建筑建材
596,2310,东方园林,建筑建材
597,2314,南山控股,建筑建材
598,2325,洪涛股份,建筑建材
599,2372,伟星新材,建筑建材
600,2375,亚厦股份,建筑建材
601,2392,北京利尔,建筑建材
602,2398,建研集团,建筑建材
603,2431,棕榈股份,建筑建材
604,2468,申通快递,建筑建材
605,2469,三维工程,建筑建材
606,2482,广田集团,建筑建材
607,2542,中化岩土,建筑建材
608,2586,围海股份,建筑建材
609,2596,海南瑞泽,建筑建材
610,2620,瑞和股份,建筑建材
611,2628,成都路桥,建筑建材
612,2652,扬子新材,建筑建材
613,2659,凯文教育,建筑建材
614,2663,普邦股份,建筑建材
615,2671,龙泉股份,建筑建材
616,2713,东易日盛,建筑建材
617,2717,岭南股份,建筑建材
618,2738,中矿资源,建筑建材
619,2742,三圣股份,建筑建材
620,300080,易成新能,建筑建材
621,300117,嘉寓股份,建筑建材
622,300163,先锋新材,建筑建材
623,300284,苏交科,建筑建材
624,300344,太空智造,建筑建材
625,300374,恒通科技,建筑建材
626,600143,金发科技,塑料制品
627,600146,商赢环球,塑料制品
628,600444,国机通用,塑料制品
629,600458,时代新材,塑料制品
630,600589,广东榕泰,塑料制品
631,603806,福斯特,塑料制品
632,407,胜利股份,塑料制品
633,859,国风塑业,塑料制品
634,973,佛塑科技,塑料制品
635,2002,鸿达兴业,塑料制品
636,2108,沧州明珠,塑料制品
637,2243,通产丽星,塑料制品
638,2263,大 东 南,塑料制品
639,2324,普利特,塑料制品
640,2343,慈文传媒,塑料制品
641,2420,毅昌股份,塑料制品
642,2457,青龙管业,塑料制品
643,2464,众应互联,塑料制品
644,2522,浙江众成,塑料制品
645,2585,双星新材,塑料制品
646,2641,永高股份,塑料制品
647,2676,顺威股份,塑料制品
648,2694,顾地科技,塑料制品
649,2735,王子新材,塑料制品
650,300169,天晟新材,塑料制品
651,300198,纳川股份,塑料制品
652,300218,安利股份,塑料制品
653,300221,银禧科技,塑料制品
654,300230,永利股份,塑料制品
655,300305,裕兴股份,塑料制品
656,300321,同大股份,塑料制品
657,300325,德威新材,塑料制品
658,300393,中来股份,塑料制品
659,600056,中国医药,商业百货
660,600122,宏图高科,商业百货
661,600136,当代明诚,商业百货
662,600280,中央商场,商业百货
663,600306,商业城,商业百货
664,600327,大东方,商业百货
665,600361,华联综超,商业百货
666,600415,小商品城,商业百货
667,600511,国药股份,商业百货
668,600515,海航基础,商业百货
669,600628,新世界,商业百货
670,600631,百联股份,商业百货
671,600655,豫园股份,商业百货
672,600682,南京新百,商业百货
673,600693,东百集团,商业百货
674,600694,大商股份,商业百货
675,600697,欧亚集团,商业百货
676,600712,南宁百货,商业百货
677,600713,南京医药,商业百货
678,600723,首商股份,商业百货
679,600729,重庆百货,商业百货
680,600738,兰州民百,商业百货
681,600753,东方银星,商业百货
682,600774,汉商集团,商业百货
683,600778,友好集团,商业百货
684,600785,新华百货,商业百货
685,600790,轻纺城,商业百货
686,600814,杭州解百,商业百货
687,600821,津劝业,商业百货
688,600824,益民集团,商业百货
689,600827,百联股份,商业百货
690,600828,茂业商业,商业百货
691,600833,第一医药,商业百货
692,600838,上海九百,商业百货
693,600856,中天能源,商业百货
694,600857,宁波中百,商业百货
695,600858,银座股份,商业百货
696,600859,王府井,商业百货
697,600861,北京城乡,商业百货
698,600865,百大集团,商业百货
699,600891,秋林集团,商业百货
700,600898,国美通讯,商业百货
701,600998,九州通,商业百货
702,601010,文峰股份,商业百货
703,601116,三江购物,商业百货
704,601607,上海医药,商业百货
705,601933,永辉超市,商业百货
706,603123,翠微股份,商业百货
707,603368,柳州医药,商业百货
708,603883,老百姓,商业百货
709,603939,益丰药房,商业百货
710,26,飞亚达Ａ,商业百货
711,28,国药一致,商业百货
712,62,深圳华强,商业百货
713,408,藏格控股,商业百货
714,411,英特集团,商业百货
715,416,民生控股,商业百货
716,417,合肥百货,商业百货
717,419,通程控股,商业百货
718,501,鄂武商Ａ,商业百货
719,516,国际医学,商业百货
720,560,昆百大Ａ,商业百货
721,564,供销大集,商业百货
722,587,金洲慈航,商业百货
723,591,太阳能,商业百货
724,638,万方发展,商业百货
725,679,大连友谊,商业百货
726,705,浙江震元,商业百货
727,715,中兴商业,商业百货
728,759,中百集团,商业百货
729,785,武汉中商,商业百货
730,829,天音控股,商业百货
731,882,华联股份,商业百货
732,889,茂业通信,商业百货
733,906,浙商中拓,商业百货
734,987,越秀金控,商业百货
735,2024,苏宁易购,商业百货
736,2187,广百股份,商业百货
737,2251,步 步 高,商业百货
738,2264,新 华 都,商业百货
739,2277,友阿股份,商业百货
740,2336,人人乐,商业百货
741,2344,海宁皮城,商业百货
742,2416,爱施德,商业百货
743,2419,天虹股份,商业百货
744,2441,众业达,商业百货
745,2462,嘉事堂,商业百货
746,2556,辉隆股份,商业百货
747,2561,徐家汇,商业百货
748,2589,瑞康医药,商业百货
749,2697,红旗连锁,商业百货
750,300022,吉峰农机,商业百货
751,300413,快乐购,商业百货
752,600070,浙江富润,纺织行业
753,600152,维科精华,纺织行业
754,600156,华升股份,纺织行业
755,600220,江苏阳光,纺织行业
756,600232,金鹰股份,纺织行业
757,600370,三房巷,纺织行业
758,600448,华纺股份,纺织行业
759,600493,凤竹纺织,纺织行业
760,600626,申达股份,纺织行业
761,600630,龙头股份,纺织行业
762,600689,上海三毛,纺织行业
763,600735,新华锦,纺织行业
764,600851,海欣股份,纺织行业
765,600987,航民股份,纺织行业
766,601339,百隆东方,纺织行业
767,601599,鹿港文化,纺织行业
768,603558,健盛集团,纺织行业
769,603889,新澳股份,纺织行业
770,18,神州长城,纺织行业
771,45,深纺织Ａ,纺织行业
772,158,常山北明,纺织行业
773,611,天首发展,纺织行业
774,726,鲁 泰Ａ,纺织行业
775,779,三毛派神,纺织行业
776,803,*ST金宇,纺织行业
777,813,德展健康,纺织行业
778,850,华茂股份,纺织行业
779,955,欣龙控股,纺织行业
780,971,高升控股,纺织行业
781,982,*ST 中绒,纺织行业
782,2034,旺能环境,纺织行业
783,2042,华孚时尚,纺织行业
784,2070,*ST众和,纺织行业
785,2072,凯瑞德,纺织行业
786,2083,孚日股份,纺织行业
787,2087,新野纺织,纺织行业
788,2127,南极电商,纺织行业
789,2144,宏达高科,纺织行业
790,2193,如意集团,纺织行业
791,2394,联发股份,纺织行业
792,2404,嘉欣丝绸,纺织行业
793,2516,旷达科技,纺织行业
794,600055,万东医疗,医疗器械
795,600297,广汇汽车,医疗器械
796,600587,新华医疗,医疗器械
797,600763,通策医疗,医疗器械
798,603309,维力医疗,医疗器械
799,150,宜华健康,医疗器械
800,2223,鱼跃医疗,医疗器械
801,2382,蓝帆医疗,医疗器械
802,2432,九安医疗,医疗器械
803,2551,尚荣医疗,医疗器械
804,2614,奥佳华,医疗器械
805,300003,乐普医疗,医疗器械
806,300015,爱尔眼科,医疗器械
807,300030,阳普医疗,医疗器械
808,300061,康旗股份,医疗器械
809,300171,东富龙,医疗器械
810,300206,理邦仪器,医疗器械
811,300216,千山药机,医疗器械
812,300238,冠昊生物,医疗器械
813,300244,迪安诊断,医疗器械
814,300246,宝莱特,医疗器械
815,300247,乐金健康,医疗器械
816,300273,和佳股份,医疗器械
817,300298,三诺生物,医疗器械
818,300314,戴维医疗,医疗器械
819,300318,博晖创新,医疗器械
820,300326,凯利泰,医疗器械
821,300347,泰格医药,医疗器械
822,300396,迪瑞医疗,医疗器械
823,300404,博济医药,医疗器械
824,300412,迦南科技,医疗器械
825,600111,北方稀土,有色金属
826,600139,西部资源,有色金属
827,600205,S山东铝,有色金属
828,600219,南山铝业,有色金属
829,600255,梦舟股份,有色金属
830,600259,广晟有色,有色金属
831,600296,S兰铝,有色金属
832,600311,荣华实业,有色金属
833,600331,宏达股份,有色金属
834,600338,西藏珠峰,有色金属
835,600362,江西铜业,有色金属
836,600390,五矿资本,有色金属
837,600432,*ST吉恩,有色金属
838,600456,宝钛股份,有色金属
839,600459,贵研铂业,有色金属
840,600489,中金黄金,有色金属
841,600497,驰宏锌锗,有色金属
842,600531,豫光金铅,有色金属
843,600547,山东黄金,有色金属
844,600549,厦门钨业,有色金属
845,600595,中孚实业,有色金属
846,600673,东阳光科,有色金属
847,600711,盛屯矿业,有色金属
848,600714,金瑞矿业,有色金属
849,600768,宁波富邦,有色金属
850,600888,新疆众和,有色金属
851,600961,株冶集团,有色金属
852,601137,博威合金,有色金属
853,601168,西部矿业,有色金属
854,601600,中国铝业,有色金属
855,601677,明泰铝业,有色金属
856,601899,紫金矿业,有色金属
857,601958,金钼股份,有色金属
858,60,中金岭南,有色金属
859,426,兴业矿业,有色金属
860,587,金洲慈航,有色金属
861,602,金马集团,有色金属
862,603,盛达矿业,有色金属
863,612,焦作万方,有色金属
864,630,铜陵有色,有色金属
865,657,中钨高新,有色金属
866,697,炼石有色,有色金属
867,751,锌业股份,有色金属
868,758,中色股份,有色金属
869,762,西藏矿业,有色金属
870,807,云铝股份,有色金属
871,831,五矿稀土,有色金属
872,878,云南铜业,有色金属
873,960,锡业股份,有色金属
874,962,东方钽业,有色金属
875,2082,万邦德,有色金属
876,2114,罗平锌电,有色金属
877,2149,西部材料,有色金属
878,2155,湖南黄金,有色金属
879,2160,常铝股份,有色金属
880,2167,东方锆业,有色金属
881,2171,楚江新材,有色金属
882,2182,云海金属,有色金属
883,2203,海亮股份,有色金属
884,2237,恒邦股份,有色金属
885,2295,精艺股份,有色金属
886,2333,罗普斯金,有色金属
887,2340,格林美,有色金属
888,2378,章源钨业,有色金属
889,2379,宏创控股,有色金属
890,2428,云南锗业,有色金属
891,2460,赣锋锂业,有色金属
892,2501,利源精制,有色金属
893,2540,亚太科技,有色金属
894,2578,闽发铝业,有色金属
895,2617,露笑科技,有色金属
896,300034,钢研高纳,有色金属
897,600167,联美控股,供水供气
898,600168,武汉控股,供水供气
899,600187,国中水务,供水供气
900,600283,钱江水利,供水供气
901,600323,瀚蓝环境,供水供气
902,600333,长春燃气,供水供气
903,600461,洪城水业,供水供气
904,600617,国新能源,供水供气
905,600635,大众公用,供水供气
906,600649,城投控股,供水供气
907,600719,大连热电,供水供气
908,600758,红阳能源,供水供气
909,600917,重庆燃气,供水供气
910,600982,宁波热电,供水供气
911,601139,深圳燃气,供水供气
912,601158,重庆水务,供水供气
913,601199,江南水务,供水供气
914,593,大通燃气,供水供气
915,605,渤海股份,供水供气
916,669,金鸿控股,供水供气
917,685,中山公用,供水供气
918,692,惠天热电,供水供气
919,695,滨海能源,供水供气
920,2267,陕天然气,供水供气
921,2700,新疆浩源,供水供气
922,600089,特变电工,发电设备
923,600192,长城电工,发电设备
924,600268,国电南自,发电设备
925,600290,华仪电气,发电设备
926,600312,平高电气,发电设备
927,600416,湘电股份,发电设备
928,600517,置信电气,发电设备
929,600525,长园集团,发电设备
930,600550,保变电气,发电设备
931,600580,卧龙电气,发电设备
932,600590,泰豪科技,发电设备
933,600875,东方电气,发电设备
934,600973,宝胜股份,发电设备
935,601126,四方股份,发电设备
936,601179,中国西电,发电设备
937,601558,ST锐电,发电设备
938,601700,风范股份,发电设备
939,601727,上海电气,发电设备
940,601877,正泰电器,发电设备
941,603333,明星电缆,发电设备
942,603618,杭电股份,发电设备
943,400,许继电气,发电设备
944,585,*ST东电,发电设备
945,682,东方电子,发电设备
946,806,银河生物,发电设备
947,967,盈峰环境,发电设备
948,2028,思源电气,发电设备
949,2074,国轩高科,发电设备
950,2112,三变科技,发电设备
951,2123,梦网集团,发电设备
952,2130,沃尔核材,发电设备
953,2168,深圳惠程,发电设备
954,2169,智光电气,发电设备
955,2202,金风科技,发电设备
956,2212,南洋股份,发电设备
957,2227,奥 特 迅,发电设备
958,2276,万马股份,发电设备
959,2300,太阳电缆,发电设备
960,2323,雅百特,发电设备
961,2350,北京科锐,发电设备
962,2358,森源电气,发电设备
963,2451,摩恩电气,发电设备
964,2471,中超控股,发电设备
965,2498,汉缆股份,发电设备
966,2531,天顺风能,发电设备
967,2533,金杯电工,发电设备
968,2560,通达股份,发电设备
969,2622,融钰集团,发电设备
970,2660,茂硕电源,发电设备
971,300001,特锐德,发电设备
972,300004,南风股份,发电设备
973,300018,中元股份,发电设备
974,300040,九洲电气,发电设备
975,300048,合康新能,发电设备
976,300062,中能电气,发电设备
977,300069,金利华电,发电设备
978,300120,经纬电材,发电设备
979,300125,易世达,发电设备
980,300129,泰胜风能,发电设备
981,300141,和顺电气,发电设备
982,300153,科泰电源,发电设备
983,300208,恒顺众昇,发电设备
984,300341,麦迪电气,发电设备
985,300372,欣泰退,发电设备
986,300444,双杰电气,发电设备
987,600069,银鸽投资,造纸行业
988,600103,青山纸业,造纸行业
989,600163,中闽能源,造纸行业
990,600235,民丰特纸,造纸行业
991,600308,华泰股份,造纸行业
992,600356,恒丰纸业,造纸行业
993,600433,冠豪高新,造纸行业
994,600462,九有股份,造纸行业
995,600567,山鹰纸业,造纸行业
996,600793,宜宾纸业,造纸行业
997,600963,岳阳林纸,造纸行业
998,600966,博汇纸业,造纸行业
999,488,晨鸣纸业,造纸行业
1000,815,美利云,造纸行业
1001,820,神雾节能,造纸行业
1002,833,贵糖股份,造纸行业
1003,2012,凯恩股份,造纸行业
1004,2067,景兴纸业,造纸行业
1005,2078,太阳纸业,造纸行业
1006,2235,安妮股份,造纸行业
1007,2303,美盈森,造纸行业
1008,2511,中顺洁柔,造纸行业
1009,2521,齐峰新材,造纸行业
1010,2565,顺灏股份,造纸行业
1011,600072,中船科技,船舶制造
1012,600150,中国船舶,船舶制造
1013,600685,中船防务,船舶制造
1014,601890,亚星锚链,船舶制造
1015,601989,中国重工,船舶制造
1016,2608,江苏国信,船舶制造
1017,300008,天海防务,船舶制造
1018,300123,亚光科技,船舶制造
1019,600121,郑州煤电,煤炭行业
1020,600123,兰花科创,煤炭行业
1021,600157,永泰能源,煤炭行业
1022,600179,安通控股,煤炭行业
1023,600188,兖州煤业,煤炭行业
1024,600348,阳泉煤业,煤炭行业
1025,600381,青海春天,煤炭行业
1026,600395,盘江股份,煤炭行业
1027,600397,*ST安煤,煤炭行业
1028,600403,大有能源,煤炭行业
1029,600408,安泰集团,煤炭行业
1030,600508,上海能源,煤炭行业
1031,600546,山煤国际,煤炭行业
1032,600652,游久游戏,煤炭行业
1033,600714,金瑞矿业,煤炭行业
1034,600721,百花村,煤炭行业
1035,600725,ST云维,煤炭行业
1036,600740,山西焦化,煤炭行业
1037,600792,云煤能源,煤炭行业
1038,600971,恒源煤电,煤炭行业
1039,600997,开滦股份,煤炭行业
1040,601001,大同煤业,煤炭行业
1041,601011,宝泰隆,煤炭行业
1042,601015,陕西黑猫,煤炭行业
1043,601088,中国神华,煤炭行业
1044,601101,昊华能源,煤炭行业
1045,601225,陕西煤业,煤炭行业
1046,601666,平煤股份,煤炭行业
1047,601699,潞安环能,煤炭行业
1048,601898,中煤能源,煤炭行业
1049,601918,新集能源,煤炭行业
1050,34,神州数码,煤炭行业
1051,552,靖远煤电,煤炭行业
1052,571,新大洲Ａ,煤炭行业
1053,723,美锦能源,煤炭行业
1054,780,*ST平能,煤炭行业
1055,933,神火股份,煤炭行业
1056,937,冀中能源,煤炭行业
1057,968,蓝焰控股,煤炭行业
1058,983,西山煤电,煤炭行业
1059,2128,露天煤业,煤炭行业
1060,600073,上海梅林,食品行业
1061,600186,莲花健康,食品行业
1062,600191,华资实业,食品行业
1063,600260,凯乐科技,食品行业
1064,600298,安琪酵母,食品行业
1065,600300,维维股份,食品行业
1066,600305,恒顺醋业,食品行业
1067,600419,天润乳业,食品行业
1068,600429,三元股份,食品行业
1069,600597,光明乳业,食品行业
1070,600695,绿庭投资,食品行业
1071,600737,中粮糖业,食品行业
1072,600866,星湖科技,食品行业
1073,600872,中炬高新,食品行业
1074,600873,梅花生物,食品行业
1075,600887,伊利股份,食品行业
1076,600962,国投中鲁,食品行业
1077,603020,爱普股份,食品行业
1078,603288,海天味业,食品行业
1079,19,深深宝Ａ,食品行业
1080,529,广弘控股,食品行业
1081,639,西王食品,食品行业
1082,716,黑芝麻,食品行业
1083,796,凯撒旅游,食品行业
1084,848,承德露露,食品行业
1085,893,东凌国际,食品行业
1086,895,双汇发展,食品行业
1087,911,南宁糖业,食品行业
1088,930,中粮生化,食品行业
1089,972,*ST中基,食品行业
1090,2216,三全食品,食品行业
1091,2220,天宝食品,食品行业
1092,2286,保龄宝,食品行业
1093,2329,皇氏集团,食品行业
1094,2330,得利斯,食品行业
1095,2387,黑牛食品,食品行业
1096,2481,双塔食品,食品行业
1097,2495,佳隆股份,食品行业
1098,2507,涪陵榨菜,食品行业
1099,2515,金字火腿,食品行业
1100,2557,洽洽食品,食品行业
1101,2568,百润股份,食品行业
1102,2570,贝因美,食品行业
1103,2582,好想你,食品行业
1104,2604,ST龙力,食品行业
1105,2626,金达威,食品行业
1106,2650,加加食品,食品行业
1107,2661,克明面业,食品行业
1108,2695,煌上煌,食品行业
1109,2702,海欣食品,食品行业
1110,2719,麦趣尔,食品行业
1111,2726,龙大肉食,食品行业
1112,2732,燕塘乳业,食品行业
1113,300138,晨光生物,食品行业
1114,300146,汤臣倍健,食品行业
1115,300149,量子高科,食品行业
1116,300175,朗源股份,食品行业
1117,300401,花园生物,食品行业
1118,600145,*ST新亿,陶瓷行业
1119,600286,S*ST国瓷,陶瓷行业
1120,603268,松发股份,陶瓷行业
1121,2102,冠福股份,陶瓷行业
1122,2162,悦心健康,陶瓷行业
1123,300089,文化长城,陶瓷行业
1124,300234,开尔新材,陶瓷行业
1125,300409,道氏技术,陶瓷行业
1126,600302,标准股份,纺织机械
1127,600610,中毅达,纺织机械
1128,600843,上工申贝,纺织机械
1129,666,经纬纺机,纺织机械
1130,2021,中捷资源,纺织机械
1131,2196,方正电机,纺织机械
1132,2722,金轮股份,纺织机械
1133,300384,三联虹普,纺织机械
1134,600001,邯郸钢铁,钢铁行业
1135,600005,武钢股份,钢铁行业
1136,600010,包钢股份,钢铁行业
1137,600019,宝钢股份,钢铁行业
1138,600022,山东钢铁,钢铁行业
1139,600102,莱钢股份,钢铁行业
1140,600117,西宁特钢,钢铁行业
1141,600126,杭钢股份,钢铁行业
1142,600165,新日恒力,钢铁行业
1143,600193,创兴资源,钢铁行业
1144,600231,凌钢股份,钢铁行业
1145,600282,南钢股份,钢铁行业
1146,600307,酒钢宏兴,钢铁行业
1147,600357,承德钒钛,钢铁行业
1148,600399,抚顺特钢,钢铁行业
1149,600477,杭萧钢构,钢铁行业
1150,600496,精工钢构,钢铁行业
1151,600507,方大特钢,钢铁行业
1152,600532,宏达矿业,钢铁行业
1153,600558,大西洋,钢铁行业
1154,600569,安阳钢铁,钢铁行业
1155,600581,XR八一钢,钢铁行业
1156,600782,新钢股份,钢铁行业
1157,600784,鲁银投资,钢铁行业
1158,600808,马钢股份,钢铁行业
1159,600882,广泽股份,钢铁行业
1160,600992,贵绳股份,钢铁行业
1161,601003,柳钢股份,钢铁行业
1162,601005,重庆钢铁,钢铁行业
1163,601028,玉龙股份,钢铁行业
1164,601969,海南矿业,钢铁行业
1165,409,山东地矿,钢铁行业
1166,629,*ST钒钛,钢铁行业
1167,655,*ST金岭,钢铁行业
1168,708,大冶特钢,钢铁行业
1169,709,河钢股份,钢铁行业
1170,717,韶钢松山,钢铁行业
1171,761,本钢板材,钢铁行业
1172,778,新兴铸管,钢铁行业
1173,825,太钢不锈,钢铁行业
1174,890,法 尔 胜,钢铁行业
1175,898,鞍钢股份,钢铁行业
1176,932,华菱钢铁,钢铁行业
1177,959,首钢股份,钢铁行业
1178,969,安泰科技,钢铁行业
1179,2075,沙钢股份,钢铁行业
1180,2110,三钢闽光,钢铁行业
1181,2132,恒星科技,钢铁行业
1182,2318,久立特材,钢铁行业
1183,2359,北讯集团,钢铁行业
1184,2423,中原特钢,钢铁行业
1185,2443,金洲管道,钢铁行业
1186,2478,常宝股份,钢铁行业
1187,2487,大金重工,钢铁行业
1188,2524,光正集团,钢铁行业
1189,2541,鸿路钢构,钢铁行业
1190,2545,东方铁塔,钢铁行业
1191,2615,哈尔斯,钢铁行业
1192,2743,富煌钢构,钢铁行业
1193,300345,红宇新材,钢铁行业
1194,600008,首创股份,环保行业
1195,600292,远达环保,环保行业
1196,600874,创业环保,环保行业
1197,603126,中材节能,环保行业
1198,603588,高能环境,环保行业
1199,603686,龙马环卫,环保行业
1200,544,中原环保,环保行业
1201,598,兴蓉环境,环保行业
1202,826,启迪桑德,环保行业
1203,2200,云投生态,环保行业
1204,2549,凯美特气,环保行业
1205,2573,清新环境,环保行业
1206,2616,长青集团,环保行业
1207,2672,东江环保,环保行业
1208,300055,万邦达,环保行业
1209,300070,碧水源,环保行业
1210,300156,神雾环保,环保行业
1211,300172,中电环保,环保行业
1212,300187,永清环保,环保行业
1213,300190,维尔利,环保行业
1214,300197,铁汉生态,环保行业
1215,300262,巴安水务,环保行业
1216,300332,天壕环境,环保行业
1217,300335,迪森股份,环保行业
1218,300355,蒙草生态,环保行业
1219,300388,国祯环保,环保行业
1220,300422,博世科,环保行业
1221,600059,古越龙山,酿酒行业
1222,600084,中葡股份,酿酒行业
1223,600090,同济堂,酿酒行业
1224,600132,重庆啤酒,酿酒行业
1225,600197,伊力特,酿酒行业
1226,600199,金种子酒,酿酒行业
1227,600238,海南椰岛,酿酒行业
1228,600365,通葡股份,酿酒行业
1229,600519,贵州茅台,酿酒行业
1230,600543,莫高股份,酿酒行业
1231,600559,老白干酒,酿酒行业
1232,600573,惠泉啤酒,酿酒行业
1233,600600,青岛啤酒,酿酒行业
1234,600616,金枫酒业,酿酒行业
1235,600702,舍得酒业,酿酒行业
1236,600779,水井坊,酿酒行业
1237,600809,山西汾酒,酿酒行业
1238,601579,会稽山,酿酒行业
1239,603369,今世缘,酿酒行业
1240,557,西部创业,酿酒行业
1241,568,泸州老窖,酿酒行业
1242,596,古井贡酒,酿酒行业
1243,729,燕京啤酒,酿酒行业
1244,752,西藏发展,酿酒行业
1245,799,酒鬼酒,酿酒行业
1246,858,五 粮 液,酿酒行业
1247,860,顺鑫农业,酿酒行业
1248,869,张 裕Ａ,酿酒行业
1249,929,兰州黄河,酿酒行业
1250,995,皇台酒业,酿酒行业
1251,2304,洋河股份,酿酒行业
1252,2461,珠江啤酒,酿酒行业
1253,2646,青青稞酒,酿酒行业
1254,600901,江苏租赁,次新股
1255,600929,湖南盐业,次新股
1256,603059,倍加洁,次新股
1257,603214,爱婴室,次新股
1258,603301,振德医疗,次新股
1259,603680,今创集团,次新股
1260,603712,七一二,次新股
1261,603733,N仙鹤,次新股
1262,603773,沃格光电,次新股
1263,603876,鼎胜新材,次新股
1264,603897,长城科技,次新股
1265,2927,泰永长征,次新股
1266,2928,华夏航空,次新股
1267,2929,润建通信,次新股
1268,2930,宏川智慧,次新股
1269,2931,锋龙股份,次新股
1270,300504,天邑股份,次新股
1271,300634,彩讯股份,次新股
1272,300741,华宝股份,次新股
1273,600112,*ST天成,电器行业
1274,600202,哈空调,电器行业
1275,600379,宝光股份,电器行业
1276,600405,动力源,电器行业
1277,600468,百利电气,电器行业
1278,600482,中国动力,电器行业
1279,600560,金自天正,电器行业
1280,600577,精达股份,电器行业
1281,600847,*ST万里,电器行业
1282,600885,宏发股份,电器行业
1283,601311,骆驼股份,电器行业
1284,601616,广电电气,电器行业
1285,603015,弘讯科技,电器行业
1286,603606,东方电缆,电器行业
1287,603703,盛洋科技,电器行业
1288,603988,中电电机,电器行业
1289,49,德赛电池,电器行业
1290,922,*ST佳电,电器行业
1291,2164,宁波东力,电器行业
1292,2176,江特电机,电器行业
1293,2249,大洋电机,电器行业
1294,2266,浙富控股,电器行业
1295,2298,中电鑫龙,电器行业
1296,2309,中利集团,电器行业
1297,2322,理工环科,电器行业
1298,2334,英威腾,电器行业
1299,2335,科华恒盛,电器行业
1300,2339,积成电子,电器行业
1301,2364,中恒电气,电器行业
1302,2380,科远股份,电器行业
1303,2452,长高集团,电器行业
1304,2546,新联电子,电器行业
1305,2576,通达动力,电器行业
1306,2580,圣阳股份,电器行业
1307,2606,大连电瓷,电器行业
1308,2617,露笑科技,电器行业
1309,2647,民盛金科,电器行业
1310,2664,长鹰信质,电器行业
1311,2665,首航节能,电器行业
1312,2670,国盛金控,电器行业
1313,2684,猛狮科技,电器行业
1314,2706,良信电器,电器行业
1315,2730,电光科技,电器行业
1316,2733,雄韬股份,电器行业
1317,300068,南都电源,电器行业
1318,300140,中环装备,电器行业
1319,300217,东方电热,电器行业
1320,300222,科大智能,电器行业
1321,300252,金信诺,电器行业
1322,300265,通光线缆,电器行业
1323,300274,阳光电源,电器行业
1324,300283,温州宏丰,电器行业
1325,300356,光一科技,电器行业
1326,300376,易事特,电器行业
1327,300403,地尔汉宇,电器行业
1328,300407,凯发电气,电器行业
1329,300438,鹏辉能源,电器行业
1330,300447,全信股份,电器行业
1331,600037,歌华有线,传媒娱乐
1332,600088,中视传媒,传媒娱乐
1333,600234,ST山水,传媒娱乐
1334,600373,中文传媒,传媒娱乐
1335,600551,时代出版,传媒娱乐
1336,600633,浙数文化,传媒娱乐
1337,600637,东方明珠,传媒娱乐
1338,600757,长江传媒,传媒娱乐
1339,600825,新华传媒,传媒娱乐
1340,600831,广电网络,传媒娱乐
1341,600959,江苏有线,传媒娱乐
1342,601098,中南传媒,传媒娱乐
1343,601801,皖新传媒,传媒娱乐
1344,601928,凤凰传媒,传媒娱乐
1345,601929,吉视传媒,传媒娱乐
1346,601999,出版传媒,传媒娱乐
1347,156,华数传媒,传媒娱乐
1348,504,南华生物,传媒娱乐
1349,607,华媒控股,传媒娱乐
1350,665,湖北广电,传媒娱乐
1351,719,中原传媒,传媒娱乐
1352,793,华闻传媒,传媒娱乐
1353,835,长城动漫,传媒娱乐
1354,917,电广传媒,传媒娱乐
1355,2071,长城影视,传媒娱乐
1356,2143,印纪传媒,传媒娱乐
1357,2181,粤 传 媒,传媒娱乐
1358,2238,天威视讯,传媒娱乐
1359,2292,奥飞娱乐,传媒娱乐
1360,2624,完美世界,传媒娱乐
1361,2712,思美传媒,传媒娱乐
1362,2739,万达电影,传媒娱乐
1363,300027,华谊兄弟,传媒娱乐
1364,300133,华策影视,传媒娱乐
1365,300148,天舟文化,传媒娱乐
1366,300251,光线传媒,传媒娱乐
1367,300291,华录百纳,传媒娱乐
1368,300336,新文化,传媒娱乐
1369,300364,中文在线,传媒娱乐
1370,300426,唐德影视,传媒娱乐
1371,600075,新疆天业,化工行业
1372,600078,澄星股份,化工行业
1373,600091,ST明科,化工行业
1374,600135,乐凯胶片,化工行业
1375,600141,兴发集团,化工行业
1376,600155,宝硕股份,化工行业
1377,600160,巨化股份,化工行业
1378,600228,*ST昌九,化工行业
1379,600229,城市传媒,化工行业
1380,600249,两面针,化工行业
1381,600273,嘉化能源,化工行业
1382,600277,亿利洁能,化工行业
1383,600281,太化股份,化工行业
1384,600299,安迪苏,化工行业
1385,600301,ST南化,化工行业
1386,600309,万华化学,化工行业
1387,600315,上海家化,化工行业
1388,600319,亚星化学,化工行业
1389,600328,兰太实业,化工行业
1390,600339,中油工程,化工行业
1391,600352,浙江龙盛,化工行业
1392,600367,红星发展,化工行业
1393,600378,天科股份,化工行业
1394,600409,三友化工,化工行业
1395,600481,双良节能,化工行业
1396,600490,鹏欣资源,化工行业
1397,600599,熊猫金控,化工行业
1398,600618,氯碱化工,化工行业
1399,600636,*ST爱富,化工行业
1400,600722,金牛化工,化工行业
1401,600746,江苏索普,化工行业
1402,600844,丹化科技,化工行业
1403,600985,雷鸣科化,化工行业
1404,601118,海南橡胶,化工行业
1405,601208,东材科技,化工行业
1406,601216,君正集团,化工行业
1407,601678,滨化股份,化工行业
1408,603002,宏昌电子,化工行业
1409,603010,万盛股份,化工行业
1410,603077,和邦生物,化工行业
1411,603188,亚邦股份,化工行业
1412,510,金路集团,化工行业
1413,523,广州浪奇,化工行业
1414,545,金浦钛业,化工行业
1415,565,渝三峡Ａ,化工行业
1416,627,天茂集团,化工行业
1417,635,英 力 特,化工行业
1418,662,天夏智慧,化工行业
1419,683,远兴能源,化工行业
1420,698,沈阳化工,化工行业
1421,707,双环科技,化工行业
1422,737,*ST南风,化工行业
1423,755,*ST三维,化工行业
1424,818,方大化工,化工行业
1425,822,山东海化,化工行业
1426,887,中鼎股份,化工行业
1427,985,大庆华科,化工行业
1428,990,诚志股份,化工行业
1429,2010,传化智联,化工行业
1430,2014,永新股份,化工行业
1431,2037,久联发展,化工行业
1432,2053,云南能投,化工行业
1433,2054,德美化工,化工行业
1434,2061,浙江交科,化工行业
1435,2068,黑猫股份,化工行业
1436,2092,中泰化学,化工行业
1437,2094,青岛金王,化工行业
1438,2096,南岭民爆,化工行业
1439,2109,兴化股份,化工行业
1440,2125,湘潭电化,化工行业
1441,2136,安 纳 达,化工行业
1442,2145,中核钛白,化工行业
1443,2165,红 宝 丽,化工行业
1444,2192,融捷股份,化工行业
1445,2201,九鼎新材,化工行业
1446,2211,宏达新材,化工行业
1447,2217,合力泰,化工行业
1448,2224,三 力 士,化工行业
1449,2226,江南化工,化工行业
1450,2246,北化股份,化工行业
1451,2250,联化科技,化工行业
1452,2256,兆新股份,化工行业
1453,2319,乐通股份,化工行业
1454,2326,永太科技,化工行业
1455,2341,新纶科技,化工行业
1456,2360,同德化工,化工行业
1457,2361,神剑股份,化工行业
1458,2377,国创高新,化工行业
1459,2381,双箭股份,化工行业
1460,2386,天原集团,化工行业
1461,2395,双象股份,化工行业
1462,2407,多氟多,化工行业
1463,2408,齐翔腾达,化工行业
1464,2409,雅克科技,化工行业
1465,2411,必康股份,化工行业
1466,2440,闰土股份,化工行业
1467,2442,龙星化工,化工行业
1468,2450,康得新,化工行业
1469,2453,天马精化,化工行业
1470,2455,百川股份,化工行业
1471,600048,保利地产,房地产
1472,600052,浙江广厦,房地产
1473,600053,九鼎投资,房地产
1474,600067,冠城大通,房地产
1475,600077,宋都股份,房地产
1476,600082,海泰发展,房地产
1477,600094,大名城,房地产
1478,600095,哈高科,房地产
1479,600113,浙江东日,房地产
1480,600133,东湖高新,房地产
1481,600159,大龙地产,房地产
1482,600162,香江控股,房地产
1483,600173,卧龙地产,房地产
1484,600175,美都能源,房地产
1485,600185,格力地产,房地产
1486,600208,新湖中宝,房地产
1487,600223,鲁商置业,房地产
1488,600225,*ST松江,房地产
1489,600239,云南城投,房地产
1490,600240,华业资本,房地产
1491,600246,万通地产,房地产
1492,600266,北京城建,房地产
1493,600322,天房发展,房地产
1494,600325,华发股份,房地产
1495,600340,华夏幸福,房地产
1496,600376,首开股份,房地产
1497,600383,金地集团,房地产
1498,600393,粤泰股份,房地产
1499,600463,空港股份,房地产
1500,600503,华丽家族,房地产
1501,600510,黑牡丹,房地产
1502,600533,栖霞建设,房地产
1503,600565,迪马股份,房地产
1504,600568,中珠医疗,房地产
1505,600606,绿地控股,房地产
1506,600615,丰华股份,房地产
1507,600621,华鑫股份,房地产
1508,600638,新黄浦,房地产
1509,600641,万业企业,房地产
1510,600657,信达地产,房地产
1511,600663,陆家嘴,房地产
1512,600665,天地源,房地产
1513,600675,中华企业,房地产
1514,600683,京投发展,房地产
1515,600684,珠江实业,房地产
1516,600696,ST匹凸,房地产
1517,600716,凤凰股份,房地产
1518,600724,宁波富达,房地产
1519,600732,ST新梅,房地产
1520,600733,SST前锋,房地产
1521,600743,华远地产,房地产
1522,600745,闻泰科技,房地产
1523,600748,上实发展,房地产
1524,600767,ST运盛,房地产
1525,600773,西藏城投,房地产
1526,600791,京能置业,房地产
1527,600807,天业股份,房地产
1528,600823,世茂股份,房地产
1529,600862,中航高科,房地产
1530,600890,中房股份,房地产
1531,601588,北辰实业,房地产
1532,2,万 科Ａ,房地产
1533,5,世纪星源,房地产
1534,6,深振业Ａ,房地产
1535,9,中国宝安,房地产
1536,11,深物业A,房地产
1537,14,沙河股份,房地产
1538,24,招商地产,房地产
1539,29,深深房Ａ,房地产
1540,31,中粮地产,房地产
1541,36,华联控股,房地产
1542,38,深大通,房地产
1543,40,东旭蓝天,房地产
1544,42,中洲控股,房地产
1545,43,中航地产,房地产
1546,46,泛海控股,房地产
1547,56,皇庭国际,房地产
1548,402,金 融 街,房地产
1549,502,绿景控股,房地产
1550,505,京粮控股,房地产
1551,506,中润资源,房地产
1552,514,渝 开 发,房地产
1553,517,荣安地产,房地产
1554,526,*ST紫学,房地产
1555,534,万泽股份,房地产
1556,537,广宇发展,房地产
1557,540,中天金融,房地产
1558,558,莱茵体育,房地产
1559,567,海德股份,房地产
1560,573,粤宏远Ａ,房地产
1561,608,阳光股份,房地产
1562,609,中迪投资,房地产
1563,616,海航投资,房地产
1564,620,新华联,房地产
1565,631,顺发恒业,房地产
1566,656,金科股份,房地产
1567,667,美好置业,房地产
1568,668,荣丰控股,房地产
1569,671,阳 光 城,房地产
1570,691,亚太实业,房地产
1571,600000,浦发银行,金融行业
1572,600015,华夏银行,金融行业
1573,600016,民生银行,金融行业
1574,600030,中信证券,金融行业
1575,600036,招商银行,金融行业
1576,600109,国金证券,金融行业
1577,600291,西水股份,金融行业
1578,600369,西南证券,金融行业
1579,600643,爱建集团,金融行业
1580,600705,中航资本,金融行业
1581,600816,安信信托,金融行业
1582,600830,香溢融通,金融行业
1583,600837,海通证券,金融行业
1584,600958,东方证券,金融行业
1585,600999,招商证券,金融行业
1586,601009,南京银行,金融行业
1587,601099,太平洋,金融行业
1588,601166,兴业银行,金融行业
1589,601169,北京银行,金融行业
1590,601198,东兴证券,金融行业
1591,601288,农业银行,金融行业
1592,601318,中国平安,金融行业
1593,601328,交通银行,金融行业
1594,601336,新华保险,金融行业
1595,601377,兴业证券,金融行业
1596,601398,工商银行,金融行业
1597,601555,东吴证券,金融行业
1598,601601,中国太保,金融行业
1599,601628,中国人寿,金融行业
1600,601688,华泰证券,金融行业
1601,601788,光大证券,金融行业
1602,601818,光大银行,金融行业
1603,601901,方正证券,金融行业
1604,601939,建设银行,金融行业
1605,601988,中国银行,金融行业
1606,601998,中信银行,金融行业
1607,1,平安银行,金融行业
1608,166,申万宏源,金融行业
1609,415,渤海金控,金融行业
1610,562,宏源证券,金融行业
1611,563,陕国投Ａ,金融行业
1612,686,东北证券,金融行业
1613,712,锦龙股份,金融行业
1614,728,国元证券,金融行业
1615,750,国海证券,金融行业
1616,776,广发证券,金融行业
1617,783,长江证券,金融行业
1618,2142,宁波银行,金融行业
1619,2500,山西证券,金融行业
1620,2673,西部证券,金融行业
1621,2736,国信证券,金融行业
1622,600065,*ST联谊,其它行业
1623,600092,S*ST精密,其它行业
1624,600172,黄河旋风,其它行业
1625,600516,方大炭素,其它行业
1626,600607,上实医药,其它行业
1627,600625,PT水仙,其它行业
1628,600670,*ST斯达,其它行业
1629,600700,*ST数码,其它行业
1630,600709,ST生态,其它行业
1631,600752,*ST哈慈,其它行业
1632,600783,鲁信创投,其它行业
1633,600788,*ST达曼,其它行业
1634,600813,ST鞍一工,其它行业
1635,600849,上药转换,其它行业
1636,600852,*ST中川,其它行业
1637,600899,*ST信联,其它行业
1638,603022,新通联,其它行业
1639,603023,威帝股份,其它行业
1640,603026,石大胜华,其它行业
1641,603108,润达医疗,其它行业
1642,603116,红蜻蜓,其它行业
1643,603198,迎驾贡酒,其它行业
1644,603227,雪峰科技,其它行业
1645,603300,华铁科技,其它行业
1646,603311,金海环境,其它行业
1647,603566,普莱柯,其它行业
1648,603568,伟明环保,其它行业
1649,603598,引力传媒,其它行业
1650,603669,灵康药业,其它行业
1651,603688,石英股份,其它行业
1652,603718,海利生物,其它行业
1653,603885,吉祥航空,其它行业
1654,603901,永创智能,其它行业
1655,603918,金桥信息,其它行业
1656,603968,醋化股份,其它行业
1657,603989,艾华集团,其它行业
1658,900901,云赛Ｂ股,其它行业
1659,900902,市北B股,其它行业
1660,900903,大众Ｂ股,其它行业
1661,900904,神奇B股,其它行业
1662,900905,老凤祥Ｂ,其它行业
1663,900906,中毅达B,其它行业
1664,900907,鹏起Ｂ股,其它行业
1665,900908,氯碱Ｂ股,其它行业
1666,900909,华谊B股,其它行业
1667,900910,海立Ｂ股,其它行业
1668,900911,金桥Ｂ股,其它行业
1669,900912,外高Ｂ股,其它行业
1670,900913,国新B股,其它行业
1671,900914,锦投Ｂ股,其它行业
1672,900915,中路Ｂ股,其它行业
1673,900916,凤凰B股,其它行业
1674,900917,海欣Ｂ股,其它行业
1675,900918,耀皮Ｂ股,其它行业
1676,900919,绿庭B股,其它行业
1677,900920,上柴Ｂ股,其它行业
1678,900921,丹科B股,其它行业
1679,900922,三毛B股,其它行业
1680,900923,百联Ｂ股,其它行业
1681,900924,上工Ｂ股,其它行业
1682,900925,机电Ｂ股,其它行业
1683,900926,宝信Ｂ,其它行业
1684,900927,物贸Ｂ股,其它行业
1685,900928,临港B股,其它行业
1686,900929,锦旅Ｂ股,其它行业
1687,900930,*ST沪普B,其它行业
1688,900932,陆家Ｂ股,其它行业
1689,900933,华新Ｂ股,其它行业
1690,900934,锦江Ｂ股,其它行业
1691,900935,阳晨Ｂ股,其它行业
1692,900936,鄂资Ｂ股,其它行业
1693,900937,华电Ｂ股,其它行业
1694,900938,天海B,其它行业
1695,900939,汇丽B,其它行业
1696,900940,大名城B,其它行业
1697,900941,东信Ｂ股,其它行业
1698,900942,黄山Ｂ股,其它行业
1699,900943,开开Ｂ股,其它行业
1700,900945,海控Ｂ股,其它行业
1701,900946,天雁B股,其它行业
1702,900947,振华Ｂ股,其它行业
1703,900948,伊泰Ｂ股,其它行业
1704,900951,*ST大化B,其它行业
1705,900952,锦港Ｂ股,其它行业
1706,900953,凯马Ｂ,其它行业
1707,900955,海创B股,其它行业
1708,900956,东贝Ｂ股,其它行业
1709,900957,凌云Ｂ股,其它行业
1710,3,PT金田A,其它行业
1711,13,*ST石化A,其它行业
1712,15,PT中浩A,其它行业
1713,47,ST中侨,其它行业
1714,405,ST鑫光,其它行业
1715,511,*ST烯碳,其它行业
1716,556,PT南洋,其它行业
1717,583,S*ST托普,其它行业
1718,658,ST海洋,其它行业
1719,660,*ST南华,其它行业
1720,675,ST银山,其它行业
1721,689,ST宏业,其它行业
1722,600007,中国国贸,开发区
1723,600064,南京高科,开发区
1724,600215,长春经开,开发区
1725,600604,市北高新,开发区
1726,600639,浦东金桥,开发区
1727,600648,外高桥,开发区
1728,600658,电子城,开发区
1729,600736,苏州高新,开发区
1730,600895,张江高科,开发区
1731,628,高新发展,开发区
1732,600050,中国联通,电子信息
1733,600074,ST保千里,电子信息
1734,600076,康欣新材,电子信息
1735,600100,同方股份,电子信息
1736,600105,永鼎股份,电子信息
1737,600130,波导股份,电子信息
1738,600198,大唐电信,电子信息
1739,600271,航天信息,电子信息
1740,600288,大恒科技,电子信息
1741,600289,ST信通,电子信息
1742,600330,天通股份,电子信息
1743,600345,长江通信,电子信息
1744,600406,国电南瑞,电子信息
1745,600410,华胜天成,电子信息
1746,600446,金证股份,电子信息
1747,600455,博通股份,电子信息
1748,600476,湘邮科技,电子信息
1749,600485,信威集团,电子信息
1750,600487,亨通光电,电子信息
1751,600498,烽火通信,电子信息
1752,600522,中天科技,电子信息
1753,600536,中国软件,电子信息
1754,600556,ST慧球,电子信息
1755,600562,国睿科技,电子信息
1756,600570,恒生电子,电子信息
1757,600571,信雅达,电子信息
1758,600588,用友网络,电子信息
1759,600601,方正科技,电子信息
1760,600608,ST沪科,电子信息
1761,600654,*ST中安,电子信息
1762,600677,航天通信,电子信息
1763,600680,*ST上普,电子信息
1764,600718,东软集团,电子信息
1765,600728,XD佳都科,电子信息
1766,600734,实达集团,电子信息
1767,600756,浪潮软件,电子信息
1768,600764,中国海防,电子信息
1769,600775,南京熊猫,电子信息
1770,600776,东方通信,电子信息
1771,600797,浙大网新,电子信息
1772,600804,鹏博士,电子信息
1773,600845,宝信软件,电子信息
1774,600850,华东电脑,电子信息
1775,600990,四创电子,电子信息
1776,601519,*ST智慧,电子信息
1777,603000,人民网,电子信息
1778,603019,中科曙光,电子信息
1779,603025,大豪科技,电子信息
1780,603636,南威软件,电子信息
1781,21,深科技,电子信息
1782,32,深桑达Ａ,电子信息
1783,35,中国天楹,电子信息
1784,63,中兴通讯,电子信息
1785,66,中国长城,电子信息
1786,70,特发信息,电子信息
1787,503,海虹控股,电子信息
1788,532,华金资本,电子信息
1789,547,航天发展,电子信息
1790,555,神州信息,电子信息
1791,561,烽火电子,电子信息
1792,586,汇源通信,电子信息
1793,681,视觉中国,电子信息
1794,711,京蓝科技,电子信息
1795,748,长城信息,电子信息
1796,787,*ST创智,电子信息
1797,801,四川九洲,电子信息
1798,805,*ST炎黄,电子信息
1799,836,鑫茂科技,电子信息
1800,851,高鸿股份,电子信息
1801,892,欢瑞世纪,电子信息
1802,938,紫光股份,电子信息
1803,948,南天信息,电子信息
1804,970,中科三环,电子信息
1805,977,浪潮信息,电子信息
1806,997,新 大 陆,电子信息
1807,2017,东信和平,电子信息
1808,2027,分众传媒,电子信息
1809,2052,同洲电子,电子信息
1810,2063,远光软件,电子信息
1811,2065,东华软件,电子信息
1812,2073,软控股份,电子信息
1813,2089,新 海 宜,电子信息
1814,2090,金智科技,电子信息
1815,2093,国脉科技,电子信息
1816,2095,生 意 宝,电子信息
1817,2115,三维通信,电子信息
1818,2148,北纬科技,电子信息
1819,2151,北斗星通,电子信息
1820,2152,广电运通,电子信息
1821,2153,石基信息,电子信息
1822,2161,远 望 谷,电子信息
1823,2174,游族网络,电子信息
1824,2177,御银股份,电子信息
1825,2180,纳思达,电子信息
1826,2184,海得控制,电子信息
1827,2194,武汉凡谷,电子信息
1828,2195,二三四五,电子信息
1829,2230,科大讯飞,电子信息
1830,2231,奥维通信,电子信息
1831,2232,启明信息,电子信息
1832,600086,东方金钰,服装鞋类
1833,600107,美尔雅,服装鞋类
1834,600137,浪莎股份,服装鞋类
1835,600177,雅戈尔,服装鞋类
1836,600233,圆通速递,服装鞋类
1837,600272,开开实业,服装鞋类
1838,600295,鄂尔多斯,服装鞋类
1839,600398,海澜之家,服装鞋类
1840,600400,红豆股份,服装鞋类
1841,600439,瑞贝卡,服装鞋类
1842,600612,老凤祥,服装鞋类
1843,600884,杉杉股份,服装鞋类
1844,601566,九牧王,服装鞋类
1845,601718,际华集团,服装鞋类
1846,603001,奥康国际,服装鞋类
1847,603518,维格娜丝,服装鞋类
1848,603555,贵人鸟,服装鞋类
1849,603808,歌力思,服装鞋类
1850,2003,伟星股份,服装鞋类
1851,2029,七 匹 狼,服装鞋类
1852,2036,联创电子,服装鞋类
1853,2044,美年健康,服装鞋类
1854,2098,浔兴股份,服装鞋类
1855,2154,报 喜 鸟,服装鞋类
1856,2239,奥特佳,服装鞋类
1857,2269,美邦服饰,服装鞋类
1858,2291,星期六,服装鞋类
1859,2293,罗莱生活,服装鞋类
1860,2327,富安娜,服装鞋类
1861,2345,潮宏基,服装鞋类
1862,2397,梦洁股份,服装鞋类
1863,2425,凯撒文化,服装鞋类
1864,2485,希努尔,服装鞋类
1865,2486,嘉麟杰,服装鞋类
1866,2494,华斯股份,服装鞋类
1867,2503,搜于特,服装鞋类
1868,2517,恺英网络,服装鞋类
1869,2563,森马服饰,服装鞋类
1870,2569,步森股份,服装鞋类
1871,2574,明牌珠宝,服装鞋类
1872,2612,朗姿股份,服装鞋类
1873,2634,棒杰股份,服装鞋类
1874,2640,跨境通,服装鞋类
1875,2656,摩登大道,服装鞋类
1876,2674,兴业科技,服装鞋类
1877,2687,乔治白,服装鞋类
1878,2731,萃华珠宝,服装鞋类
1879,2740,爱迪尔,服装鞋类
1880,300005,探路者,服装鞋类
1881,600083,博信股份,电子器件
1882,600151,航天机电,电子器件
1883,600171,上海贝岭,电子器件
1884,600183,生益科技,电子器件
1885,600203,福日电子,电子器件
1886,600206,有研新材,电子器件
1887,600207,安彩高科,电子器件
1888,600237,铜峰电子,电子器件
1889,600353,旭光股份,电子器件
1890,600355,精伦电子,电子器件
1891,600360,华微电子,电子器件
1892,600363,联创光电,电子器件
1893,600401,*ST海润,电子器件
1894,600460,士兰微,电子器件
1895,600478,科力远,电子器件
1896,600537,亿晶光电,电子器件
1897,600563,法拉电子,电子器件
1898,600584,长电科技,电子器件
1899,600602,云赛智联,电子器件
1900,600667,太极实业,电子器件
1901,600703,三安光电,电子器件
1902,600707,彩虹股份,电子器件
1903,600747,*ST大控,电子器件
1904,600817,*ST宏盛,电子器件
1905,600980,北矿科技,电子器件
1906,601012,隆基股份,电子器件
1907,601231,环旭电子,电子器件
1908,601908,京运通,电子器件
1909,603005,晶方科技,电子器件
1910,603118,共进股份,电子器件
1911,603328,依顿电子,电子器件
1912,603678,火炬电子,电子器件
1913,20,深华发Ａ,电子器件
1914,50,深天马Ａ,电子器件
1915,58,深 赛 格,电子器件
1916,68,华控赛格,电子器件
1917,413,东旭光电,电子器件
1918,536,华映科技,电子器件
1919,636,风华高科,电子器件
1920,670,盈方微,电子器件
1921,725,京东方Ａ,电子器件
1922,727,华东科技,电子器件
1923,733,振华科技,电子器件
1924,810,创维数字,电子器件
1925,823,超声电子,电子器件
1926,2025,航天电器,电子器件
1927,2045,国光电器,电子器件
1928,2049,紫光国芯,电子器件
1929,2055,得润电子,电子器件
1930,2056,横店东磁,电子器件
1931,2057,中钢天源,电子器件
1932,2079,苏州固锝,电子器件
1933,2104,恒宝股份,电子器件
1934,2106,莱宝高科,电子器件
1935,2119,康强电子,电子器件
1936,2129,中环股份,电子器件
1937,2134,天津普林,电子器件
1938,2137,麦达数字,电子器件
1939,2138,顺络电子,电子器件
1940,2139,拓邦股份,电子器件
1941,2141,贤丰控股,电子器件
1942,2156,通富微电,电子器件
1943,2179,中航光电,电子器件
1944,2185,华天科技,电子器件
1945,2188,ST巴士,电子器件
1946,2189,利达光电,电子器件
1947,2199,东晶电子,电子器件
1948,2217,合力泰,电子器件
1949,2218,拓日新能,电子器件
1950,2222,福晶科技,电子器件
1951,2241,歌尔股份,电子器件
1952,2273,水晶光电,电子器件
1953,2288,超华科技,电子器件
1954,2289,宇顺电子,电子器件
1955,2371,北方华创,电子器件
1956,2388,新亚制程,电子器件
1957,2389,南洋科技,电子器件
1958,2402,和而泰,电子器件
1959,2426,胜利精密,电子器件
1960,2436,兴森科技,电子器件
1961,2449,国星光电,电子器件
1962,2456,欧菲科技,电子器件
1963,2463,沪电股份,电子器件
1964,2475,立讯精密,电子器件
1965,2484,江海股份,电子器件
1966,2504,*ST弘高,电子器件
1967,2506,协鑫集成,电子器件
1968,2512,达华智能,电子器件
1969,2579,中京电子,电子器件
1970,2587,奥拓电子,电子器件
1971,2600,领益智造,电子器件
1972,2618,丹邦科技,电子器件
1973,2636,金安国纪,电子器件
1974,2638,勤上股份,电子器件
1975,2654,万润科技,电子器件
1976,2655,共达电声,电子器件
1977,2724,海洋王,电子器件
1978,2729,好利来,电子器件
1979,2745,木林森,电子器件
1980,300014,亿纬锂能,电子器件
1981,600011,华能国际,电力行业
1982,600021,上海电力,电力行业
1983,600023,浙能电力,电力行业
1984,600027,华电国际,电力行业
1985,600098,广州发展,电力行业
1986,600101,明星电力,电力行业
1987,600110,诺德股份,电力行业
1988,600116,三峡水利,电力行业
1989,600131,岷江水电,电力行业
1990,600236,桂冠电力,电力行业
1991,600310,桂东电力,电力行业
1992,600396,金山股份,电力行业
1993,600452,涪陵电力,电力行业
1994,600483,福能股份,电力行业
1995,600505,西昌电力,电力行业
1996,600509,天富能源,电力行业
1997,600578,京能电力,电力行业
1998,600642,申能股份,电力行业
1999,600644,乐山电力,电力行业
2000,600674,川投能源,电力行业
2001,600726,华电能源,电力行业
2002,600744,华银电力,电力行业
2003,600769,祥龙电业,电力行业
2004,600780,通宝能源,电力行业
2005,600795,国电电力,电力行业
2006,600863,内蒙华电,电力行业
2007,600864,哈投股份,电力行业
2008,600868,梅雁吉祥,电力行业
2009,600869,智慧能源,电力行业
2010,600886,国投电力,电力行业
2011,600900,长江电力,电力行业
2012,600969,郴电国际,电力行业
2013,600979,广安爱众,电力行业
2014,600995,文山电力,电力行业
2015,601016,节能风电,电力行业
2016,601991,大唐发电,电力行业
2017,27,深圳能源,电力行业
2018,37,深南电A,电力行业
2019,531,穗恒运Ａ,电力行业
2020,539,粤电力Ａ,电力行业
2021,543,皖能电力,电力行业
2022,600,建投能源,电力行业
2023,601,韶能股份,电力行业
2024,602,金马集团,电力行业
2025,690,宝新能源,电力行业
2026,720,新能泰山,电力行业
2027,722,湖南发展,电力行业
2028,767,漳泽电力,电力行业
2029,791,甘肃电投,电力行业
2030,862,银星能源,电力行业
2031,875,吉电股份,电力行业
2032,883,湖北能源,电力行业
2033,899,赣能股份,电力行业
2034,939,凯迪生态,电力行业
2035,958,东方能源,电力行业
2036,966,长源电力,电力行业
2037,993,闽东电力,电力行业
2038,1896,豫能控股,电力行业
2039,2039,黔源电力,电力行业
2040,2479,富春环保,电力行业
2041,2692,睿康股份,电力行业
2042,300423,鲁亿通,电力行业
2043,600006,东风汽车,汽车制造
2044,600066,宇通客车,汽车制造
2045,600081,东风科技,汽车制造
2046,600093,易见股份,汽车制造
2047,600104,上汽集团,汽车制造
2048,600148,长春一东,汽车制造
2049,600166,福田汽车,汽车制造
2050,600178,东安动力,汽车制造
2051,600182,S佳通,汽车制造
2052,600213,亚星客车,汽车制造
2053,600303,曙光股份,汽车制造
2054,600335,国机汽车,汽车制造
2055,600375,华菱星马,汽车制造
2056,600418,江淮汽车,汽车制造
2057,600469,风神股份,汽车制造
2058,600480,凌云股份,汽车制造
2059,600501,航天晨光,汽车制造
2060,600523,贵航股份,汽车制造
2061,600609,金杯汽车,汽车制造
2062,600623,华谊集团,汽车制造
2063,600653,申华控股,汽车制造
2064,600660,福耀玻璃,汽车制造
2065,600676,交运股份,汽车制造
2066,600686,金龙汽车,汽车制造
2067,600698,湖南天雁,汽车制造
2068,600699,均胜电子,汽车制造
2069,600715,文投控股,汽车制造
2070,600741,华域汽车,汽车制造
2071,600742,一汽富维,汽车制造
2072,600760,中航沈飞,汽车制造
2073,600960,渤海活塞,汽车制造
2074,600991,广汽长丰,汽车制造
2075,601058,赛轮金宇,汽车制造
2076,601238,广汽集团,汽车制造
2077,601258,庞大集团,汽车制造
2078,601633,长城汽车,汽车制造
2079,601689,拓普集团,汽车制造
2080,601799,星宇股份,汽车制造
2081,601965,中国汽研,汽车制造
2082,603006,联明股份,汽车制造
2083,603009,北特科技,汽车制造
2084,603158,腾龙股份,汽车制造
2085,603166,福达股份,汽车制造
2086,603306,华懋科技,汽车制造
2087,603788,宁波高发,汽车制造
2088,603997,继峰股份,汽车制造
2089,25,特 力Ａ,汽车制造
2090,30,富奥股份,汽车制造
2091,338,潍柴动力,汽车制造
2092,550,江铃汽车,汽车制造
2093,559,万向钱潮,汽车制造
2094,572,海马汽车,汽车制造
2095,581,威孚高科,汽车制造
2096,589,黔轮胎Ａ,汽车制造
2097,599,青岛双星,汽车制造
2098,622,恒立实业,汽车制造
2099,625,长安汽车,汽车制造
2100,700,模塑科技,汽车制造
2101,710,贝瑞基因,汽车制造
2102,753,漳州发展,汽车制造
2103,757,浩物股份,汽车制造
2104,760,斯太尔,汽车制造
2105,800,一汽轿车,汽车制造
2106,868,安凯客车,汽车制造
2107,927,一汽夏利,汽车制造
2108,951,中国重汽,汽车制造
2109,957,中通客车,汽车制造
2110,2013,中航机电,汽车制造
2111,2031,巨轮智能,汽车制造
2112,2048,宁波华翔,汽车制造
2113,2085,万丰奥威,汽车制造
2114,2126,银轮股份,汽车制造
2115,2190,成飞集成,汽车制造
2116,2213,特 尔 佳,汽车制造
2117,2265,西仪股份,汽车制造
2118,2283,天润曲轴,汽车制造
2119,2284,亚太股份,汽车制造
2120,2355,兴民智通,汽车制造
2121,2363,隆基机械,汽车制造
2122,2406,远东传动,汽车制造
2123,2434,万里扬,汽车制造
2124,2454,松芝股份,汽车制造
2125,2488,金固股份,汽车制造
2126,2510,天汽模,汽车制造
2127,2536,西泵股份,汽车制造
2128,2555,三七互娱,汽车制造
2129,2590,万安科技,汽车制造
2130,2593,日上集团,汽车制造
2131,2594,比亚迪,汽车制造
2132,2602,世纪华通,汽车制造
2133,2607,亚夏汽车,汽车制造
2134,2625,光启技术,汽车制造
2135,2662,京威股份,汽车制造
2136,2703,浙江世宝,汽车制造
2137,2708,光洋股份,汽车制造
2138,2715,登云股份,汽车制造
2139,2725,跃岭股份,汽车制造
2140,300100,双林股份,汽车制造
2141,300176,鸿特精密,汽车制造
2142,300258,精锻科技,汽车制造
2143,600337,美克家居,家具行业
2144,600978,宜华生活,家具行业
2145,603008,喜临门,家具行业
2146,603600,永艺股份,家具行业
2147,603818,曲美家居,家具行业
2148,603898,好莱客,家具行业
2149,910,大亚圣象,家具行业
2150,2084,海鸥住工,家具行业
2151,2120,韵达股份,家具行业
2152,2240,威华股份,家具行业
2153,2259,升达林业,家具行业
2154,2489,浙江永强,家具行业
2155,2572,索菲亚,家具行业
2156,2631,德尔未来,家具行业
2157,2718,友邦吊顶,家具行业
2158,2751,易尚展示,家具行业
2159,600096,云天化,农药化肥
2160,600226,瀚叶股份,农药化肥
2161,600227,赤天化,农药化肥
2162,600230,沧州大化,农药化肥
2163,600389,江山股份,农药化肥
2164,600423,*ST柳化,农药化肥
2165,600426,华鲁恒升,农药化肥
2166,600470,六国化工,农药化肥
2167,600486,扬农化工,农药化肥
2168,600538,国发股份,农药化肥
2169,600596,新安股份,农药化肥
2170,600691,阳煤化工,农药化肥
2171,600727,鲁北化工,农药化肥
2172,600731,湖南海利,农药化肥
2173,600796,钱江生化,农药化肥
2174,600803,新奥股份,农药化肥
2175,603599,广信股份,农药化肥
2176,155,川化股份,农药化肥
2177,422,湖北宜化,农药化肥
2178,525,红 太 阳,农药化肥
2179,553,沙隆达Ａ,农药化肥
2180,578,盐湖集团,农药化肥
2181,731,四川美丰,农药化肥
2182,792,盐湖股份,农药化肥
2183,830,鲁西化工,农药化肥
2184,902,新洋丰,农药化肥
2185,912,*ST天化,农药化肥
2186,950,*ST建峰,农药化肥
2187,953,*ST河化,农药化肥
2188,2004,华邦健康,农药化肥
2189,2018,华信国际,农药化肥
2190,2113,天润数娱,农药化肥
2191,2170,芭田股份,农药化肥
2192,2215,诺 普 信,农药化肥
2193,2258,利尔化学,农药化肥
2194,2274,华昌化工,农药化肥
2195,2391,长青股份,农药化肥
2196,2470,金正大,农药化肥
2197,2496,辉丰股份,农药化肥
2198,2513,蓝丰生化,农药化肥
2199,2538,司尔特,农药化肥
2200,2539,云图控股,农药化肥
2201,2588,史丹利,农药化肥
2202,2734,利民股份,农药化肥
2203,2749,国光股份,农药化肥
2204,300261,雅本化学,农药化肥
2205,600054,黄山旅游,酒店旅游
2206,600138,中青旅,酒店旅游
2207,600258,首旅酒店,酒店旅游
2208,600358,国旅联合,酒店旅游
2209,600555,海航创新,酒店旅游
2210,600593,大连圣亚,酒店旅游
2211,600640,号百控股,酒店旅游
2212,600706,曲江文旅,酒店旅游
2213,600749,西藏旅游,酒店旅游
2214,600754,锦江股份,酒店旅游
2215,601007,金陵饭店,酒店旅游
2216,601888,中国国旅,酒店旅游
2217,603099,长白山,酒店旅游
2218,603199,九华旅游,酒店旅游
2219,603869,北部湾旅,酒店旅游
2220,7,全新好,酒店旅游
2221,69,华侨城Ａ,酒店旅游
2222,428,华天酒店,酒店旅游
2223,430,张家界,酒店旅游
2224,524,岭南控股,酒店旅游
2225,610,西安旅游,酒店旅游
2226,613,大东海A,酒店旅游
2227,721,西安饮食,酒店旅游
2228,802,北京文化,酒店旅游
2229,888,峨眉山Ａ,酒店旅游
2230,978,桂林旅游,酒店旅游
2231,2033,丽江旅游,酒店旅游
2232,2059,云南旅游,酒店旅游
2233,2159,三特索道,酒店旅游
2234,2186,全 聚 德,酒店旅游
2235,2306,*ST云网,酒店旅游
2236,2558,巨人网络,酒店旅游
2237,2707,众信旅游,酒店旅游
2238,300144,宋城演艺,酒店旅游
2239,300178,腾邦国际,酒店旅游
2240,600217,中再资环,水泥行业
2241,600318,新力金融,水泥行业
2242,600425,*ST青松,水泥行业
2243,600449,宁夏建材,水泥行业
2244,600539,狮头股份,水泥行业
2245,600553,太行水泥,水泥行业
2246,600585,海螺水泥,水泥行业
2247,600668,尖峰集团,水泥行业
2248,600678,四川金顶,水泥行业
2249,600720,祁连山,水泥行业
2250,600801,华新水泥,水泥行业
2251,600802,福建水泥,水泥行业
2252,600881,亚泰集团,水泥行业
2253,600883,博闻科技,水泥行业
2254,601992,金隅集团,水泥行业
2255,401,冀东水泥,水泥行业
2256,546,金圆股份,水泥行业
2257,672,上峰水泥,水泥行业
2258,789,万年青,水泥行业
2259,877,天山股份,水泥行业
2260,885,同力水泥,水泥行业
2261,935,四川双马,水泥行业
2262,2233,塔牌集团,水泥行业
2263,2302,西部建设,水泥行业
2264,2346,柘中股份,水泥行业
2265,2619,艾格拉斯,水泥行业
2266,600058,五矿发展,物资外贸
2267,600120,浙江东方,物资外贸
2268,600128,弘业股份,物资外贸
2269,600153,建发股份,物资外贸
2270,600241,时代万恒,物资外贸
2271,600247,ST成城,物资外贸
2272,600250,南纺股份,物资外贸
2273,600278,东方创业,物资外贸
2274,600287,江苏舜天,物资外贸
2275,600382,广东明珠,物资外贸
2276,600500,中化国际,物资外贸
2277,600605,汇通能源,物资外贸
2278,600704,物产中大,物资外贸
2279,600739,辽宁成大,物资外贸
2280,600755,厦门国贸,物资外贸
2281,600822,上海物贸,物资外贸
2282,600826,兰生股份,物资外贸
2283,600981,汇鸿集团,物资外贸
2284,151,中成股份,物资外贸
2285,626,远大控股,物资外贸
2286,2091,江苏国泰,物资外贸
2287,600099,林海股份,摩托车
2288,600877,ST嘉陵,摩托车
2289,601777,力帆股份,摩托车
2290,603766,隆鑫通用,摩托车
2291,913,钱江摩托,摩托车
2292,1696,宗申动力,摩托车
2293,600210,紫江企业,印刷包装
2294,600836,界龙实业,印刷包装
2295,600880,博瑞传播,印刷包装
2296,601515,东风股份,印刷包装
2297,603729,龙韵股份,印刷包装
2298,659,*ST中富,印刷包装
2299,673,当代东方,印刷包装
2300,812,陕西金叶,印刷包装
2301,2117,东港股份,印刷包装
2302,2191,劲嘉股份,印刷包装
2303,2228,合兴包装,印刷包装
2304,2229,鸿博股份,印刷包装
2305,2374,丽鹏股份,印刷包装
2306,2400,省广集团,印刷包装
2307,2599,盛通股份,印刷包装
2308,2701,奥瑞金,印刷包装
2309,2752,昇兴股份,印刷包装
2310,300057,万顺股份,印刷包装
2311,300058,蓝色光标,印刷包装
2312,300071,华谊嘉信,印刷包装
2313,600060,海信电器,家电行业
2314,600261,阳光照明,家电行业
2315,600336,澳柯玛,家电行业
2316,600690,青岛海尔,家电行业
2317,600839,四川长虹,家电行业
2318,600854,春兰股份,家电行业
2319,600870,厦华电子,家电行业
2320,600983,惠而浦,家电行业
2321,603366,日出东方,家电行业
2322,603519,立霸股份,家电行业
2323,16,深康佳Ａ,家电行业
2324,100,TCL 集团,家电行业
2325,333,美的集团,家电行业
2326,418,小天鹅Ａ,家电行业
2327,521,美菱电器,家电行业
2328,527,美的电器,家电行业
2329,533,万 家 乐,家电行业
2330,541,佛山照明,家电行业
2331,651,格力电器,家电行业
2332,921,海信科龙,家电行业
2333,2005,德豪润达,家电行业
2334,2032,苏 泊 尔,家电行业
2335,2035,华帝股份,家电行业
2336,2076,雪 莱 特,家电行业
2337,2242,九阳股份,家电行业
2338,2260,德奥通航,家电行业
2339,2290,中科新材,家电行业
2340,2403,爱仕达,家电行业
2341,2429,兆驰股份,家电行业
2342,2473,*ST圣莱,家电行业
2343,2508,老板电器,家电行业
2344,2543,万和电气,家电行业
2345,2668,奥马电器,家电行业
2346,2677,浙江美大,家电行业
2347,2681,奋达科技,家电行业
2348,2705,新宝股份,家电行业
2349,2723,金莱特,家电行业
